LGA_CODE_2011,sp_name,PM10_max24,PM10_yearly_ave,smokers,heart_disease,pre_obese,obese,overweight,asthma,disc_pm10,disc_asthma,disc_smokers,disc_heart,disc_pre_obese,disc_obese,disc_overweight
21890,Alphington,37.87500012,14.42369202,12.1,6.6,30.1,19.3,49.4,9.477228386,1,1,2,1,2,2,2
23110,Brooklyn,82.41250022,20.25990918,11.8,8.1,30.4,21.3,51.7,10.04897411,3,2,2,2,2,3,3
22670,Dandenong,40.94166712,15.55498819,14.5,9.1,28.1,16.8,44.9,7.983389461,2,1,2,2,1,2,2
24330,Footscray,42.6583333,15.07738706,15.7,3.9,34.9,11.9,46.8,8.90566454,2,1,2,1,2,1,2
22750,Geelong South,68.35000076,17.11408809,12.2,7.9,32.5,16.6,49.1,12.75171392,2,2,2,2,2,2,2
27450,Mooroolbark,44.6833334,13.03298072,8.9,6.7,33.1,16.4,49.5,11.68615205,2,2,1,1,2,2,2
27350,Richmond,35.79583295,16.08871847,14.3,7,23.5,12.1,35.6,9.738567591,1,1,2,2,1,1,1
23810,Traralgon,49.19166629,13.78933149,24.4,5.6,36.6,22,58.6,13.38442558,2,2,3,1,2,3,3
