LGA_CODE_2011,smokers,heart_disease,pre_obese,obese,pm10_avg,pm10_max24hr
21890,12.1,6.6,30.1,19.3,14.423692019423687,37.87500011879167
22670,14.5,9.1,28.1,16.8,15.554988189340065,40.94166712000001
22750,12.2,7.9,32.5,16.6,17.114088090521765,68.35000076016668
23110,11.8,8.1,30.4,21.3,20.259909177105147,82.41250022125
23810,24.4,5.6,36.6,22.0,13.789331489934671,49.19166628541666
24330,15.7,3.9,34.9,11.9,15.077387055742495,42.65833330041665
27350,14.3,7.0,23.5,12.1,16.088718474207894,35.795832951666654
27450,8.9,6.7,33.1,16.4,13.03298071988639,44.6833333975
